participantID,condition,pid,condition,block_idx,trial_idx,tau_true,change_flag,s_t,x_t,click_x,rt_ms,repeated_click_flag,points_awarded,score_total_at_checkpoint,show_past_dots_flag,tutorial_phase
P22549,HI,P22549,HI,0,0,0,1,0.09123906524232694,0.008857502279916218,296.10000228881836,-0.19999998807907104,0,0,0,0,1
P22549,HI,P22549,HI,0,1,1,0,0.09123906524232694,2.115702735661806,292.72500228881836,0,0,0,0,0,1
P22549,HI,P22549,HI,0,2,2,0,0.09123906524232694,0,6.600002288818359,0,0,87,87,0,1
P22549,HI,P22549,HI,0,3,3,0,0.09123906524232694,14.861276740108664,16.35000228881836,-0.09999999403953552,0,68,155,0,1
P22549,HI,P22549,HI,0,4,0,1,13.710031661884534,11.735021005116517,10.72500228881836,-0.19999998807907104,0,95,250,0,1
P22549,HI,P22549,HI,0,5,1,0,13.710031661884534,31.461180086127207,30.60000228881836,0,0,67,317,0,1
P22549,HI,P22549,HI,0,6,2,0,13.710031661884534,12.103412626420285,11.10000228881836,-0.09999999403953552,0,95,412,0,1
P22549,HI,P22549,HI,0,7,3,0,13.710031661884534,8.870112760884343,8.10000228881836,-0.09999999403953552,0,89,501,0,1
P22549,HI,P22549,HI,0,8,4,0,13.710031661884534,17.59342497480138,16.35000228881836,-0.19999998807907104,0,95,596,0,1
P22549,HI,P22549,HI,0,9,5,0,13.710031661884534,2.1370946587860065,2.4750022888183594,-0.20000001788139343,0,78,674,0,1
P22549,HI,P22549,HI,0,0,1,0,255.80578402150422,238.18412322496667,254.10000228881836,-0.09999999403953552,0,97,771,0,2
P22549,HI,P22549,HI,0,1,2,0,255.80578402150422,251.08133333118445,256.72500228881836,-0.09999999403953552,0,99,870,0,2
P22549,HI,P22549,HI,0,2,3,0,255.80578402150422,270.31228191941085,257.10000228881836,-0.20000001788139343,0,98,968,0,2
P22549,HI,P22549,HI,0,3,0,1,268.80417692464226,269.7637511384901,269.85000228881836,-0.09999999403953552,0,98,1066,0,2
P22549,HI,P22549,HI,0,4,1,0,268.80417692464226,272.2383043480072,270.60000228881836,-0.09999999403953552,0,97,1163,0,2
P22549,HI,P22549,HI,0,5,2,0,268.80417692464226,260.16197323569105,269.10000228881836,-0.19999998807907104,0,100,1263,0,2
P22549,HI,P22549,HI,0,6,3,0,268.80417692464226,275.1637273933789,269.47500228881836,-0.19999998807907104,0,99,1362,0,2
P22549,HI,P22549,HI,0,7,4,0,268.80417692464226,273.99012294632473,266.85000228881836,-0.10000002384185791,0,97,1459,0,2
P22549,HI,P22549,HI,0,8,5,0,268.80417692464226,273.64242402458973,268.35000228881836,-0.10000002384185791,0,100,1559,0,2
P22549,HI,P22549,HI,0,9,6,0,268.80417692464226,274.9888854392434,269.10000228881836,-0.10000002384185791,0,100,1659,0,2
P22549,HI,P22549,HI,0,0,1,0,132.82149019651115,132.38131282633594,134.10000228881836,-0.09999999403953552,0,98,1757,0,3
P22549,HI,P22549,HI,0,1,2,0,132.82149019651115,133.03384164763136,132.60000228881836,0,0,100,1857,0,3
P22549,HI,P22549,HI,0,2,3,0,132.82149019651115,131.67139443234203,132.60000228881836,0,1,100,1957,0,3
P22549,HI,P22549,HI,0,3,4,0,132.82149019651115,135.64167595156326,130.72500228881836,-0.09999999403953552,0,96,2053,0,3
P22549,HI,P22549,HI,0,4,5,0,132.82149019651115,134.88649585359337,131.85000228881836,-0.09999999403953552,0,99,2152,0,3
P22549,HI,P22549,HI,0,5,6,0,132.82149019651115,131.28584907065073,133.72500228881836,-0.09999999403953552,0,99,2251,0,3
P22549,HI,P22549,HI,0,6,7,0,132.82149019651115,136.44357532040382,134.10000228881836,-0.09999999403953552,0,98,2349,0,3
P22549,HI,P22549,HI,0,7,8,0,132.82149019651115,127.69959206739512,134.10000228881836,-0.10000002384185791,1,98,2447,0,3
P22549,HI,P22549,HI,0,8,9,0,132.82149019651115,137.81248807107767,132.60000228881836,-0.09999999403953552,0,100,2547,0,3
P22549,HI,P22549,HI,0,9,10,0,132.82149019651115,133.1864723065945,134.47500228881836,-0.29999998211860657,0,97,2644,0,3
P22549,HI,P22549,HI,0,10,11,0,132.82149019651115,131.67523548804894,133.72500228881836,-0.19999998807907104,0,99,2743,0,3
P22549,HI,P22549,HI,0,11,12,0,132.82149019651115,136.71140371427649,131.85000228881836,-0.30000001192092896,0,99,2842,0,3
P22549,HI,P22549,HI,0,12,13,0,132.82149019651115,137.03155213075536,134.47500228881836,-0.09999999403953552,0,97,2939,0,3
P22549,HI,P22549,HI,0,13,14,0,132.82149019651115,133.10837155359263,134.10000228881836,-0.20000001788139343,0,98,3037,0,3
P22549,HI,P22549,HI,0,14,15,0,132.82149019651115,134.2344936722182,132.60000228881836,-0.09999999403953552,0,100,3137,0,3
P22549,HI,P22549,HI,0,0,1,0,276.08599711675197,279.50187417512404,273.60000228881836,-0.09999999403953552,0,96,3233,0,4
P22549,HI,P22549,HI,0,1,2,0,276.08599711675197,270.4780756531649,276.60000228881836,-0.09999999403953552,0,99,3332,0,4
P22549,HI,P22549,HI,0,2,3,0,276.08599711675197,277.26570320170043,273.97500228881836,-0.09999999403953552,0,96,3428,0,4
P22549,HI,P22549,HI,0,3,4,0,276.08599711675197,276.9079359961995,276.60000228881836,-0.09999999403953552,0,99,3527,0,4
P22549,HI,P22549,HI,0,4,5,0,276.08599711675197,270.3766358986174,276.22500228881836,-0.10000002384185791,0,100,3627,0,4
P22549,HI,P22549,HI,0,5,6,0,276.08599711675197,279.4530644878726,274.35000228881836,0,0,97,3724,0,4
P22549,HI,P22549,HI,0,6,7,0,276.08599711675197,274.7650585465772,274.35000228881836,-0.09999999403953552,1,97,3821,0,4
P22549,HI,P22549,HI,0,7,8,0,276.08599711675197,273.59712308332195,275.10000228881836,-0.10000002384185791,0,99,3920,0,4
P22549,HI,P22549,HI,0,8,9,0,276.08599711675197,274.9402303092568,276.22500228881836,-0.09999999403953552,0,100,4020,0,4
P22549,HI,P22549,HI,0,9,10,0,276.08599711675197,278.5734915451925,276.22500228881836,-0.19999998807907104,1,100,4120,0,4
P22549,HI,P22549,HI,0,10,0,1,277.2166835920722,282.82096185683486,276.60000228881836,0,0,99,4219,0,4
P22549,HI,P22549,HI,0,11,1,0,277.2166835920722,273.620612962827,278.10000228881836,-0.09999999403953552,0,99,4318,0,4
P22549,HI,P22549,HI,0,12,2,0,277.2166835920722,281.23055005168806,279.60000228881836,-0.10000002384185791,0,96,4414,0,4
P22549,HI,P22549,HI,0,13,3,0,277.2166835920722,268.07661433406275,277.35000228881836,-0.10000002384185791,0,100,4514,0,4
P22549,HI,P22549,HI,0,14,4,0,277.2166835920722,269.31087781884213,277.72500228881836,-0.09999999403953552,0,99,4613,0,4
P22549,HI,P22549,HI,0,0,1,0,105.57009475305676,105.794044874587,111.22500228881836,-0.09999999403953552,0,89,4702,0,5
P22549,HI,P22549,HI,0,1,2,0,105.57009475305676,122.20665246554599,107.47500228881836,-0.10000002384185791,0,97,4799,0,5
P22549,HI,P22549,HI,0,2,3,0,105.57009475305676,102.05311919772427,107.10000228881836,0,0,97,4896,0,5
P22549,HI,P22549,HI,0,3,4,0,105.57009475305676,116.76444299811476,108.97500228881836,-0.09999999403953552,0,94,4990,0,5
P22549,HI,P22549,HI,0,4,5,0,105.57009475305676,110.73066375673154,104.10000228881836,-0.09999999403953552,0,98,5088,0,5
P22549,HI,P22549,HI,0,5,6,0,105.57009475305676,103.89434772063973,105.60000228881836,0,0,100,5188,0,5
P22549,HI,P22549,HI,0,6,7,0,105.57009475305676,121.31892943339632,107.10000228881836,0,0,97,5285,0,5
P22549,HI,P22549,HI,0,7,8,0,105.57009475305676,108.97967874815663,105.60000228881836,-0.19999998807907104,0,100,5385,0,5
P22549,HI,P22549,HI,0,8,9,0,105.57009475305676,105.15313520874611,98.47500228881836,0,0,86,5471,0,5
P22549,HI,P22549,HI,0,9,10,0,105.57009475305676,102.8577486087944,108.60000228881836,0,0,94,5565,0,5
P22549,HI,P22549,HI,0,10,11,0,105.57009475305676,118.83424498197579,107.47500228881836,-0.10000002384185791,0,97,5662,0,5
P22549,HI,P22549,HI,0,11,12,0,105.57009475305676,95.18640461107137,103.72500228881835,-0.20000001788139343,0,97,5759,0,5
P22549,HI,P22549,HI,0,12,13,0,105.57009475305676,109.31922971782392,106.35000228881836,-0.09999999403953552,0,99,5858,0,5
P22549,HI,P22549,HI,0,13,14,0,105.57009475305676,114.63236485184312,104.85000228881836,0,0,99,5957,0,5
P22549,HI,P22549,HI,0,14,15,0,105.57009475305676,95.7799353745515,104.47500228881836,-0.09999999403953552,0,98,6055,0,5
P22549,HI,P22549,HI,0,15,16,0,105.57009475305676,107.12012068988273,106.35000228881836,-0.10000002384185791,0,99,6154,0,5
P22549,HI,P22549,HI,0,16,17,0,105.57009475305676,104.57980981492781,106.35000228881836,-0.09999999403953552,1,99,6253,0,5
P22549,HI,P22549,HI,0,17,18,0,105.57009475305676,107.13914321342905,104.10000228881836,-0.10000002384185791,0,98,6351,0,5
P22549,HI,P22549,HI,0,18,19,0,105.57009475305676,108.46942837358151,106.72500228881836,-0.09999999403953552,0,98,6449,0,5
P22549,HI,P22549,HI,0,19,20,0,105.57009475305676,101.31396235769739,105.97500228881836,-0.09999999403953552,0,100,6549,0,5
P22549,HI,P22549,HI,0,0,1,0,55.20518033299595,36.19460040933458,37.72500228881836,-0.09999999403953552,0,66,6615,0,
P22549,HI,P22549,HI,0,1,0,1,63.74452271592982,52.38043211694966,56.10000228881836,-0.09999999403953552,0,85,6700,0,
P22549,HI,P22549,HI,0,2,1,0,63.74452271592982,64.84698940715144,56.10000228881836,0,1,85,6785,0,
P22549,HI,P22549,HI,0,3,0,1,61.630858691982525,54.941180608493525,62.10000228881836,-0.09999999403953552,0,100,6885,0,
P22549,HI,P22549,HI,0,4,0,1,71.48958693706173,75.47999983362921,62.10000228881836,-0.09999999403953552,1,82,6967,0,
P22549,HI,P22549,HI,0,5,1,0,71.48958693706173,61.221762565376814,51.97500228881836,-0.10000002384185791,0,61,7028,0,
P22549,HI,P22549,HI,0,6,0,1,51.90413941062372,39.68569113976316,42.22500228881835,-0.10000002384185791,0,81,7109,0,
P22549,HI,P22549,HI,0,7,1,0,51.90413941062372,58.36470861547185,54.60000228881836,0,0,95,7204,0,
P22549,HI,P22549,HI,0,8,2,0,51.90413941062372,52.4388687409309,54.60000228881836,-0.09999999403953552,1,95,7299,0,
P22549,HI,P22549,HI,0,9,3,0,51.90413941062372,50.06580704064652,50.85000228881837,0,0,98,7397,0,
P22549,HI,P22549,HI,0,10,4,0,51.90413941062372,57.58602334289151,51.97500228881836,-0.09999999403953552,0,100,7497,0,
P22549,HI,P22549,HI,0,11,5,0,51.90413941062372,55.12734486500565,42.22500228881835,-0.09999999403953552,0,81,7578,0,
P22549,HI,P22549,HI,0,12,6,0,51.90413941062372,40.55594789166573,53.10000228881836,-0.09999999403953552,0,98,7676,0,
P22549,HI,P22549,HI,0,13,7,0,51.90413941062372,49.46587439846678,68.10000228881836,-0.10000002384185791,0,68,7744,0,
P22549,HI,P22549,HI,0,14,8,0,51.90413941062372,64.53113948686504,78.97500228881836,0,0,46,7790,0,
P22549,HI,P22549,HI,0,15,9,0,51.90413941062372,53.81635776226773,52.72500228881836,-0.09999999403953552,0,99,7889,0,
P22549,HI,P22549,HI,0,16,10,0,51.90413941062372,45.20243516852997,44.85000228881836,-0.09999999403953552,0,86,7975,0,
P22549,HI,P22549,HI,0,17,11,0,51.90413941062372,56.76476942594711,47.10000228881836,-0.09999999403953552,0,91,8066,0,
P22549,HI,P22549,HI,0,18,12,0,51.90413941062372,61.14707584910037,47.10000228881836,-0.09999999403953552,1,91,8157,0,
P22549,HI,P22549,HI,0,19,13,0,51.90413941062372,50.22604542805351,47.10000228881836,-0.09999999403953552,1,91,8248,0,
P22549,HI,P22549,HI,0,20,14,0,51.90413941062372,66.79447882449898,65.10000228881836,-0.09999999403953552,0,74,8322,0,
P22549,HI,P22549,HI,0,21,15,0,51.90413941062372,52.59757123509985,53.10000228881836,-0.09999999403953552,0,98,8420,0,
P22549,HI,P22549,HI,0,22,16,0,51.90413941062372,57.07299705015063,53.10000228881836,0,1,98,8518,0,
P22549,HI,P22549,HI,0,23,17,0,51.90413941062372,48.009773632098074,39.60000228881836,-0.19999998807907104,0,76,8594,0,
P22549,HI,P22549,HI,0,24,18,0,51.90413941062372,49.53664007643556,47.47500228881836,-0.09999999403953552,0,92,8686,0,
P22549,HI,P22549,HI,0,25,19,0,51.90413941062372,52.313698948180466,47.47500228881836,-0.09999999403953552,1,92,8778,0,
P22549,HI,P22549,HI,0,26,20,0,51.90413941062372,54.974173471039364,49.35000228881836,-0.19999998807907104,0,95,8873,0,
P22549,HI,P22549,HI,0,27,21,0,51.90413941062372,56.70239304880694,54.97500228881836,-0.10000002384185791,0,94,8967,0,
P22549,HI,P22549,HI,0,28,22,0,51.90413941062372,51.13835892021543,46.35000228881836,-0.10000002384185791,0,89,9056,0,
P22549,HI,P22549,HI,0,29,23,0,51.90413941062372,34.32068993913135,21.60000228881836,-0.19999998807907104,0,40,9096,0,
P22549,HI,P22549,HI,0,30,24,0,51.90413941062372,38.246428474668484,27.22500228881836,0,0,51,9147,0,
P22549,HI,P22549,HI,0,31,25,0,51.90413941062372,41.31069519253086,36.60000228881836,-0.19999998807907104,0,70,9217,0,
P22549,HI,P22549,HI,0,32,26,0,51.90413941062372,53.44694108672227,50.85000228881837,-0.09999999403953552,0,98,9315,0,
P22549,HI,P22549,HI,0,33,27,0,51.90413941062372,43.97045880370494,47.10000228881836,-0.09999999403953552,0,91,9406,0,
P22549,HI,P22549,HI,0,34,28,0,51.90413941062372,57.97597504146511,63.60000228881836,-0.09999999403953552,0,77,9483,0,
P22549,HI,P22549,HI,0,35,29,0,51.90413941062372,42.77590900548509,37.72500228881836,0,0,72,9555,0,
P22549,HI,P22549,HI,0,36,30,0,51.90413941062372,53.26569185240539,47.10000228881836,-0.09999999403953552,0,91,9646,0,
P22549,HI,P22549,HI,0,37,31,0,51.90413941062372,48.26902342589939,42.60000228881836,-0.19999998807907104,0,82,9728,0,
P22549,HI,P22549,HI,0,38,32,0,51.90413941062372,52.148365970210584,42.60000228881836,-0.19999998807907104,1,82,9810,0,
P22549,HI,P22549,HI,0,39,33,0,51.90413941062372,53.47889860023703,42.60000228881836,-0.09999999403953552,1,82,9892,0,
P22549,HI,P22549,HI,0,40,34,0,51.90413941062372,48.56857862269868,42.60000228881836,0,1,82,9974,0,
P22549,HI,P22549,HI,0,41,35,0,51.90413941062372,43.703689597960015,42.60000228881836,0,1,82,10056,0,
P22549,HI,P22549,HI,0,42,36,0,51.90413941062372,42.764593424068885,42.60000228881836,0,1,82,10138,0,
P22549,HI,P22549,HI,0,43,37,0,51.90413941062372,49.133506690389524,42.60000228881836,0,1,82,10220,0,
P22549,HI,P22549,HI,0,44,38,0,51.90413941062372,39.38376670113857,42.60000228881836,-0.09999999403953552,1,82,10302,0,
P22549,HI,P22549,HI,0,45,39,0,51.90413941062372,44.65528963108944,42.60000228881836,-0.09999999403953552,1,82,10384,0,
P22549,HI,P22549,HI,0,46,40,0,51.90413941062372,47.03791364781013,42.60000228881836,0,1,82,10466,0,
P22549,HI,P22549,HI,0,47,41,0,51.90413941062372,62.638998500231025,42.60000228881836,0,1,82,10548,0,
P22549,HI,P22549,HI,0,48,42,0,51.90413941062372,61.47006329787757,42.60000228881836,-0.10000002384185791,1,82,10630,0,
P22549,HI,P22549,HI,0,49,43,0,51.90413941062372,43.22586630194097,42.60000228881836,-0.09999999403953552,1,82,10712,0,
P22549,HI,P22549,HI,0,50,44,0,51.90413941062372,54.21264714126252,42.60000228881836,-0.09999999403953552,1,82,10794,0,
P22549,HI,P22549,HI,0,51,45,0,51.90413941062372,40.92903734878222,42.60000228881836,0,1,82,10876,0,
P22549,HI,P22549,HI,0,52,46,0,51.90413941062372,42.324808476514626,42.60000228881836,-0.09999999403953552,1,82,10958,0,
P22549,HI,P22549,HI,0,53,47,0,51.90413941062372,52.29277651363091,42.60000228881836,-0.19999998807907104,1,82,11040,0,
P22549,HI,P22549,HI,0,54,48,0,51.90413941062372,55.9592515786674,42.60000228881836,0,1,82,11122,0,
P22549,HI,P22549,HI,0,55,49,0,51.90413941062372,60.786073580781725,42.60000228881836,0,1,82,11204,0,
P22549,HI,P22549,HI,0,56,50,0,51.90413941062372,50.45818230091737,42.60000228881836,0,1,82,11286,0,
P22549,HI,P22549,HI,0,57,51,0,51.90413941062372,38.560005527172535,42.60000228881836,-0.10000002384185791,1,82,11368,0,
P22549,HI,P22549,HI,0,58,52,0,51.90413941062372,48.7275630456,42.60000228881836,0,1,82,11450,0,
P22549,HI,P22549,HI,0,59,53,0,51.90413941062372,44.62594702410151,42.60000228881836,0,1,82,11532,0,
P22549,HI,P22549,HI,0,60,54,0,51.90413941062372,61.11996438553249,42.60000228881836,-0.10000002384185791,1,82,11614,0,
P22549,HI,P22549,HI,0,61,55,0,51.90413941062372,51.3259322860868,42.60000228881836,-0.20000001788139343,1,82,11696,0,
P22549,HI,P22549,HI,0,62,56,0,51.90413941062372,56.55812216330284,42.60000228881836,-0.09999999403953552,1,82,11778,0,
P22549,HI,P22549,HI,0,63,57,0,51.90413941062372,62.54740002068172,42.60000228881836,-0.09999999403953552,1,82,11860,0,
P22549,HI,P22549,HI,0,64,58,0,51.90413941062372,39.062578712489675,42.60000228881836,-0.10000002384185791,1,82,11942,0,
P22549,HI,P22549,HI,0,65,59,0,51.90413941062372,40.28363468386407,42.60000228881836,-0.09999999403953552,1,82,12024,0,
P22549,HI,P22549,HI,0,66,60,0,51.90413941062372,53.40729053617062,42.60000228881836,-0.09999999403953552,1,82,12106,0,
P22549,HI,P22549,HI,0,67,61,0,51.90413941062372,57.45336511900896,42.60000228881836,-0.09999999403953552,1,82,12188,0,
P22549,HI,P22549,HI,0,68,62,0,51.90413941062372,59.614570192315604,42.60000228881836,0,1,82,12270,0,
P22549,HI,P22549,HI,0,69,63,0,51.90413941062372,53.87074347422105,42.60000228881836,-0.30000001192092896,1,82,12352,0,
P22549,HI,P22549,HI,0,70,64,0,51.90413941062372,54.49385599245886,42.60000228881836,-0.20000001788139343,1,82,12434,0,
P22549,HI,P22549,HI,0,71,65,0,51.90413941062372,45.16586792911036,42.60000228881836,0,1,82,12516,0,
P22549,HI,P22549,HI,0,72,66,0,51.90413941062372,38.672145464521655,42.60000228881836,0,1,82,12598,0,
P22549,HI,P22549,HI,0,73,67,0,51.90413941062372,61.384553209224464,42.60000228881836,-0.09999999403953552,1,82,12680,0,
P22549,HI,P22549,HI,0,74,68,0,51.90413941062372,69.76568758878575,42.60000228881836,0,1,82,12762,0,
P22549,HI,P22549,HI,0,75,69,0,51.90413941062372,37.89241462814851,42.60000228881836,-0.09999999403953552,1,82,12844,0,
P22549,HI,P22549,HI,0,76,70,0,51.90413941062372,55.06977991175091,42.60000228881836,0,1,82,12926,0,
P22549,HI,P22549,HI,0,77,71,0,51.90413941062372,60.10233837706731,42.60000228881836,-0.19999998807907104,1,82,13008,0,
P22549,HI,P22549,HI,0,78,72,0,51.90413941062372,52.19556089187488,42.60000228881836,-0.19999998807907104,1,82,13090,0,
P22549,HI,P22549,HI,0,79,73,0,51.90413941062372,60.007238140231976,42.60000228881836,-0.19999998807907104,1,82,13172,0,
P22549,HI,P22549,HI,0,80,74,0,51.90413941062372,52.699330871547,42.60000228881836,-0.10000002384185791,1,82,13254,0,
P22549,HI,P22549,HI,0,81,75,0,51.90413941062372,50.23061052876024,42.60000228881836,-0.10000002384185791,1,82,13336,0,
P22549,HI,P22549,HI,0,82,76,0,51.90413941062372,50.92094999634581,42.60000228881836,0,1,82,13418,0,
P22549,HI,P22549,HI,0,83,77,0,51.90413941062372,58.69796847085611,42.60000228881836,-0.09999999403953552,1,82,13500,0,
P22549,HI,P22549,HI,0,84,78,0,51.90413941062372,54.39316036353272,42.60000228881836,0,1,82,13582,0,
P22549,HI,P22549,HI,0,85,79,0,51.90413941062372,53.5547836213561,42.60000228881836,-0.09999999403953552,1,82,13664,0,
P22549,HI,P22549,HI,0,86,80,0,51.90413941062372,61.14613122321255,42.60000228881836,0,1,82,13746,0,
P22549,HI,P22549,HI,0,87,0,1,37.88004677451305,41.95135314079421,42.60000228881836,-0.09999999403953552,1,91,13837,0,
P22549,HI,P22549,HI,0,88,1,0,37.88004677451305,41.756065302665256,42.60000228881836,-0.09999999403953552,1,91,13928,0,
P22549,HI,P22549,HI,0,89,2,0,37.88004677451305,35.07826424953254,42.60000228881836,-0.09999999403953552,1,91,14019,0,
P22549,HI,P22549,HI,0,90,0,1,24.932203421553922,32.15180240264058,42.60000228881836,-0.10000002384185791,1,65,14084,0,
P22549,HI,P22549,HI,0,91,1,0,24.932203421553922,11.837930268763522,42.60000228881836,-0.09999999403953552,1,65,14149,0,
P22549,HI,P22549,HI,0,92,2,0,24.932203421553922,16.75555982665725,42.60000228881836,-0.09999999403953552,1,65,14214,0,
P22549,HI,P22549,HI,0,93,3,0,24.932203421553922,10.842380165115912,42.60000228881836,-0.09999999403953552,1,65,14279,0,
P22549,HI,P22549,HI,0,94,4,0,24.932203421553922,27.66293777070702,42.60000228881836,-0.09999999403953552,1,65,14344,0,
P22549,HI,P22549,HI,0,95,5,0,24.932203421553922,29.244469899655307,42.60000228881836,0,1,65,14409,0,
P22549,HI,P22549,HI,0,96,6,0,24.932203421553922,18.177475002562463,42.60000228881836,-0.10000002384185791,1,65,14474,0,
P22549,HI,P22549,HI,0,97,7,0,24.932203421553922,24.269127250917133,42.60000228881836,0,1,65,14539,0,
P22549,HI,P22549,HI,0,98,8,0,24.932203421553922,8.202239342803033,42.60000228881836,-0.09999999403953552,1,65,14604,0,
P22549,HI,P22549,HI,0,99,9,0,24.932203421553922,11.382137056684831,42.60000228881836,-0.10000002384185791,1,65,14669,0,
P22549,HI,P22549,HI,0,100,10,0,24.932203421553922,23.99929261732879,42.60000228881836,0,1,65,14734,0,
P22549,HI,P22549,HI,0,101,11,0,24.932203421553922,26.423870239810327,42.60000228881836,0,1,65,14799,0,
P22549,HI,P22549,HI,0,102,12,0,24.932203421553922,14.599373932463799,42.60000228881836,-0.10000002384185791,1,65,14864,0,
P22549,HI,P22549,HI,0,103,13,0,24.932203421553922,29.831060734773928,42.60000228881836,-0.10000002384185791,1,65,14929,0,
P22549,HI,P22549,HI,0,104,0,1,7.378971194412179,9.405301799821324,42.60000228881836,0,1,30,14959,0,
P22549,HI,P22549,HI,0,105,1,0,7.378971194412179,5.7205724545441345,42.60000228881836,-0.09999999403953552,1,30,14989,0,
P22549,HI,P22549,HI,0,106,2,0,7.378971194412179,11.958829571222902,42.60000228881836,-0.10000002384185791,1,30,15019,0,
P22549,HI,P22549,HI,0,107,3,0,7.378971194412179,17.54985161018454,42.60000228881836,-0.10000002384185791,1,30,15049,0,
P22549,HI,P22549,HI,0,108,4,0,7.378971194412179,10.213281627778827,42.60000228881836,0,1,30,15079,0,
P22549,HI,P22549,HI,0,109,5,0,7.378971194412179,1.4451318074379156,42.60000228881836,-0.09999999403953552,1,30,15109,0,
P22549,HI,P22549,HI,0,110,6,0,7.378971194412179,7.674847986631878,42.60000228881836,0,1,30,15139,0,
P22549,HI,P22549,HI,0,111,7,0,7.378971194412179,4.080722499428957,42.60000228881836,0,1,30,15169,0,
P22549,HI,P22549,HI,0,112,8,0,7.378971194412179,12.372009770355081,42.60000228881836,0,1,30,15199,0,
P22549,HI,P22549,HI,0,113,9,0,7.378971194412179,10.683504643027597,42.60000228881836,0,1,30,15229,0,
P22549,HI,P22549,HI,0,114,0,1,6.965958538843129,1.1268806080728098,42.60000228881836,0,1,29,15258,0,
P22549,HI,P22549,HI,0,115,1,0,6.965958538843129,0,2.1000022888183594,-0.09999999403953552,0,91,15349,0,
P22549,HI,P22549,HI,0,116,2,0,6.965958538843129,6.258893172992103,2.8500022888183594,-0.09999999403953552,0,92,15441,0,
P22549,HI,P22549,HI,0,117,3,0,6.965958538843129,0,2.8500022888183594,-0.09999999403953552,1,92,15533,0,
P22549,HI,P22549,HI,0,118,4,0,6.965958538843129,11.717282403985283,2.8500022888183594,0,1,92,15625,0,
P22549,HI,P22549,HI,0,119,5,0,6.965958538843129,1.8819533213556774,2.8500022888183594,-0.09999999403953552,1,92,15717,0,
P22549,HI,P22549,HI,0,120,6,0,6.965958538843129,5.92179686116285,2.8500022888183594,-0.09999999403953552,1,92,15809,0,
P22549,HI,P22549,HI,0,121,7,0,6.965958538843129,18.09384085242239,2.8500022888183594,0,1,92,15901,0,
P22549,HI,P22549,HI,0,122,8,0,6.965958538843129,0,2.8500022888183594,-0.09999999403953552,1,92,15993,0,
P22549,HI,P22549,HI,0,123,9,0,6.965958538843129,9.748144572909872,2.8500022888183594,-0.10000002384185791,1,92,16085,0,
P22549,HI,P22549,HI,0,124,10,0,6.965958538843129,0.6999598857363978,2.8500022888183594,-0.09999999403953552,1,92,16177,0,
P22549,HI,P22549,HI,0,125,11,0,6.965958538843129,8.171355983038747,4.350002288818359,-0.09999999403953552,0,95,16272,0,
P22549,HI,P22549,HI,0,126,12,0,6.965958538843129,5.255024312744435,2.4750022888183594,-0.09999999403953552,0,92,16364,0,
P22549,HI,P22549,HI,0,127,13,0,6.965958538843129,20.947668965334348,20.10000228881836,-0.10000002384185791,0,74,16438,0,
P22549,HI,P22549,HI,0,128,14,0,6.965958538843129,11.584134965752867,9.975002288818361,-0.10000002384185791,0,94,16532,0,
P22549,HI,P22549,HI,0,129,15,0,6.965958538843129,1.94371178771328,0.2250022888183594,-0.09999999403953552,0,87,16619,0,
P22549,HI,P22549,HI,0,130,16,0,6.965958538843129,0,0.6000022888183594,-0.09999999403953552,0,88,16707,0,
P22549,HI,P22549,HI,0,131,17,0,6.965958538843129,15.340911151003933,3.9750022888183594,-0.09999999403953552,0,95,16802,0,
P22549,HI,P22549,HI,0,132,18,0,6.965958538843129,24.1492421210362,12.225002288818361,-0.19999998807907104,0,90,16892,0,
P22549,HI,P22549,HI,0,133,19,0,6.965958538843129,9.619211290980584,1.3500022888183594,-0.09999999403953552,0,89,16981,0,
P22549,HI,P22549,HI,0,134,20,0,6.965958538843129,9.78322931191418,1.3500022888183594,-0.09999999403953552,1,89,17070,0,
P22549,HI,P22549,HI,0,135,21,0,6.965958538843129,5.4575486807620415,14.47500228881836,-0.10000002384185791,0,85,17155,0,
P22549,HI,P22549,HI,0,136,22,0,6.965958538843129,11.22506376432726,20.10000228881836,0,0,74,17229,0,
P22549,HI,P22549,HI,0,137,0,1,224.7952103880731,215.59662412291885,203.4750022888184,-0.09999999403953552,0,58,17287,0,
P22549,HI,P22549,HI,0,138,1,0,224.7952103880731,223.64272197055953,232.72500228881836,-0.10000002384185791,0,85,17372,0,
P22549,HI,P22549,HI,0,139,0,1,252.38672649268008,270.1430247535027,275.10000228881836,-0.09999999403953552,0,55,17427,0,
P22549,HI,P22549,HI,0,140,1,0,252.38672649268008,257.8971854363416,248.10000228881836,0,0,92,17519,0,
P22549,HI,P22549,HI,0,141,2,0,252.38672649268008,240.87647317529803,257.47500228881836,-0.09999999403953552,0,90,17609,0,
P22549,HI,P22549,HI,0,142,3,0,252.38672649268008,261.148204917996,273.60000228881836,-0.09999999403953552,0,58,17667,0,
P22549,HI,P22549,HI,0,143,4,0,252.38672649268008,251.32140473194255,239.10000228881836,-0.19999998807907104,0,74,17741,0,
P22549,HI,P22549,HI,0,144,5,0,252.38672649268008,269.4130306663083,239.10000228881836,-0.09999999403953552,1,74,17815,0,
P22549,HI,P22549,HI,0,145,6,0,252.38672649268008,268.62081773381925,250.72500228881836,0,0,97,17912,0,
P22549,HI,P22549,HI,0,146,7,0,252.38672649268008,261.06922047030946,256.35000228881836,-0.09999999403953552,0,93,18005,0,
P22549,HI,P22549,HI,0,147,8,0,252.38672649268008,256.9794606545887,266.85000228881836,0,0,72,18077,0,
P22549,HI,P22549,HI,0,148,0,1,271.5076396493209,270.71532650343977,276.97500228881836,-0.19999998807907104,0,90,18167,0,
P22549,HI,P22549,HI,0,149,1,0,271.5076396493209,265.91992576975696,278.10000228881836,-0.10000002384185791,0,87,18254,0,
P22549,HI,P22549,HI,0,150,2,0,271.5076396493209,261.79139378044255,255.60000228881836,-0.09999999403953552,0,69,18323,0,
P22549,HI,P22549,HI,0,151,3,0,271.5076396493209,263.289848529508,273.22500228881836,-0.10000002384185791,0,97,18420,0,
P22549,HI,P22549,HI,0,152,4,0,271.5076396493209,272.97607630100475,282.60000228881836,-0.09999999403953552,0,78,18498,0,
P22549,HI,P22549,HI,0,153,5,0,271.5076396493209,287.14111459120465,294.97500228881836,-0.09999999403953552,0,54,18552,0,
P22549,HI,P22549,HI,0,154,6,0,271.5076396493209,278.76863064260823,254.10000228881836,-0.10000002384185791,0,66,18618,0,
P22549,HI,P22549,HI,0,155,7,0,271.5076396493209,256.23405986448836,278.10000228881836,-0.09999999403953552,0,87,18705,0,
P22549,HI,P22549,HI,0,156,8,0,271.5076396493209,276.736277501752,291.22500228881836,-0.09999999403953552,0,61,18766,0,
P22549,HI,P22549,HI,0,157,9,0,271.5076396493209,285.103914112671,297.22500228881836,-0.09999999403953552,0,49,18815,0,
P22549,HI,P22549,HI,0,158,10,0,271.5076396493209,283.72547877944976,297.60000228881836,-0.09999999403953552,0,48,18863,0,
P22549,HI,P22549,HI,0,159,11,0,271.5076396493209,262.3165165004,256.35000228881836,-0.10000002384185791,0,70,18933,0,
P22549,HI,P22549,HI,0,160,0,1,300,284.9855866783064,279.60000228881836,-0.10000002384185791,0,60,18993,0,
P22549,HI,P22549,HI,0,161,1,0,300,295.6127613535569,258.60000228881836,0,0,18,19011,0,
P22549,HI,P22549,HI,0,162,2,0,300,300,279.97500228881836,-0.20000001788139343,0,60,19071,0,
P22549,HI,P22549,HI,0,163,3,0,300,300,299.47500228881836,-0.19999998807907104,0,99,19170,0,
P22549,HI,P22549,HI,0,164,4,0,300,300,299.47500228881836,-0.10000002384185791,1,99,19269,0,
P22549,HI,P22549,HI,0,165,5,0,300,300,299.47500228881836,0,1,99,19368,0,
P22549,HI,P22549,HI,0,166,6,0,300,283.3608359664236,276.22500228881836,-0.09999999403953552,0,53,19421,0,
P22549,HI,P22549,HI,0,167,7,0,300,300,298.35000228881836,-0.10000002384185791,0,97,19518,0,
P22549,HI,P22549,HI,0,168,8,0,300,300,296.47500228881836,-0.09999999403953552,0,93,19611,0,
P22549,HI,P22549,HI,0,169,9,0,300,297.96422451500666,297.22500228881836,-0.09999999403953552,0,95,19706,0,
P22549,HI,P22549,HI,0,170,10,0,300,284.7475518628035,273.22500228881836,-0.09999999403953552,0,47,19753,0,
P22549,HI,P22549,HI,0,171,11,0,300,300,297.22500228881836,-0.09999999403953552,0,95,19848,0,
P22549,HI,P22549,HI,0,172,12,0,300,300,298.35000228881836,-0.10000002384185791,0,97,19945,0,
P22549,HI,P22549,HI,0,173,13,0,300,300,298.35000228881836,0,1,97,20042,0,
P22549,HI,P22549,HI,0,174,14,0,300,300,298.35000228881836,-0.09999999403953552,1,97,20139,0,
P22549,HI,P22549,HI,0,175,15,0,300,299.65199535002665,298.35000228881836,-0.09999999403953552,1,97,20236,0,
P22549,HI,P22549,HI,0,176,16,0,300,300,298.35000228881836,0,1,97,20333,0,
P22549,HI,P22549,HI,0,177,0,1,285.19389923403384,297.8491457759639,298.35000228881836,-0.09999999403953552,1,74,20407,0,
P22549,HI,P22549,HI,0,178,1,0,285.19389923403384,289.37803368892827,298.35000228881836,-0.09999999403953552,1,74,20481,0,
P22549,HI,P22549,HI,0,179,2,0,285.19389923403384,277.72213027504444,269.47500228881836,0,0,69,20550,0,
P22549,HI,P22549,HI,0,180,3,0,285.19389923403384,287.0520802917673,298.72500228881836,-0.10000002384185791,0,73,20623,0,
P22549,HI,P22549,HI,0,181,0,1,300,299.65659740918784,273.60000228881836,0,0,48,20671,0,
P22549,HI,P22549,HI,0,182,1,0,300,300,290.85000228881836,0,0,82,20753,0,
P22549,HI,P22549,HI,0,183,0,1,300,300,269.10000228881836,0,0,39,20792,0,
P22549,HI,P22549,HI,0,184,1,0,300,300,259.72500228881836,0,0,20,20812,0,
P22549,HI,P22549,HI,0,185,2,0,300,299.04353098406136,269.10000228881836,0,0,39,20851,0,
P22549,HI,P22549,HI,0,186,3,0,300,291.8810271744023,268.35000228881836,0,0,37,20888,0,
P22549,HI,P22549,HI,0,187,4,0,300,300,268.35000228881836,-0.10000002384185791,1,37,20925,0,
P22549,HI,P22549,HI,0,188,5,0,300,300,268.35000228881836,-0.09999999403953552,1,37,20962,0,
P22549,HI,P22549,HI,0,189,0,1,297.2572027807787,300,288.60000228881836,0,0,83,21045,0,
P22549,HI,P22549,HI,0,190,1,0,297.2572027807787,287.20182651453564,294.97500228881836,0,0,96,21141,0,
P22549,HI,P22549,HI,0,191,2,0,297.2572027807787,300,299.85000228881836,-0.09999999403953552,0,95,21236,0,
P22549,HI,P22549,HI,0,192,3,0,297.2572027807787,299.03434392977607,299.85000228881836,-0.10000002384185791,1,95,21331,0,
P22549,HI,P22549,HI,0,193,4,0,297.2572027807787,300,299.85000228881836,-0.09999999403953552,1,95,21426,0,
P22549,HI,P22549,HI,0,194,5,0,297.2572027807787,292.4197433293565,300.60000228881836,0,0,94,21520,0,
P22549,HI,P22549,HI,0,195,6,0,297.2572027807787,300,278.10000228881836,-0.09999999403953552,0,62,21582,0,
P22549,HI,P22549,HI,0,196,0,1,300,299.51672623885366,278.85000228881836,-0.10000002384185791,0,58,21640,0,
P22549,HI,P22549,HI,0,197,1,0,300,300,272.47500228881836,-0.10000002384185791,0,45,21685,0,
P22549,HI,P22549,HI,0,198,2,0,300,300,292.72500228881836,-0.10000002384185791,0,86,21771,0,
P22549,HI,P22549,HI,0,199,3,0,300,298.6732001861863,281.10000228881836,-0.20000001788139343,0,63,21834,0,
P22549,HI,P22549,HI,0,200,4,0,300,293.07525670735697,270.22500228881836,-0.19999998807907104,0,41,21875,0,
P22549,HI,P22549,HI,0,201,0,1,300,300,253.35000228881833,-0.09999999403953552,0,7,21882,0,
P22549,HI,P22549,HI,0,202,1,0,300,299.278135582953,286.35000228881836,0,0,73,21955,0,
P22549,HI,P22549,HI,0,203,2,0,300,300,289.35000228881836,-0.09999999403953552,0,79,22034,0,
P22549,HI,P22549,HI,0,204,3,0,300,300,296.85000228881836,0,0,94,22128,0,
P22549,HI,P22549,HI,0,205,4,0,300,300,297.60000228881836,0,0,96,22224,0,
P22549,HI,P22549,HI,0,206,5,0,300,290.4112736172087,300.60000228881836,0,0,99,22323,0,
P22549,HI,P22549,HI,0,207,6,0,300,300,288.60000228881836,0,0,78,22401,0,
P22549,HI,P22549,HI,0,208,7,0,300,290.7337626972503,281.47500228881836,-0.09999999403953552,0,63,22464,0,
P22549,HI,P22549,HI,0,209,8,0,300,300,299.47500228881836,0,0,99,22563,0,
P22549,HI,P22549,HI,0,210,9,0,300,295.777014078888,296.85000228881836,-0.19999998807907104,0,94,22657,0,
P22549,HI,P22549,HI,0,211,0,1,300,297.76548012038603,288.60000228881836,-0.09999999403953552,0,78,22735,0,
P22549,HI,P22549,HI,0,212,1,0,300,300,300.22500228881836,-0.19999998807907104,0,100,22835,0,
P22549,HI,P22549,HI,0,213,2,0,300,300,298.72500228881836,-0.09999999403953552,0,98,22933,0,
P22549,HI,P22549,HI,0,214,0,1,175.73366523594672,183.50317090124605,192.60000228881836,-0.10000002384185791,0,67,23000,0,
P22549,HI,P22549,HI,0,215,1,0,175.73366523594672,188.32408541425124,170.85000228881836,-0.09999999403953552,0,91,23091,0,
P22549,HI,P22549,HI,0,216,2,0,175.73366523594672,165.83633231769582,156.6000022888184,-0.09999999403953552,0,62,23153,0,
P22549,HI,P22549,HI,0,217,0,1,151.9448055850373,149.8717860558591,138.60000228881836,-0.09999999403953552,0,74,23227,0,
P22549,HI,P22549,HI,0,218,1,0,151.9448055850373,149.23184938211637,126.60000228881836,-0.19999998807907104,0,50,23277,0,
P22549,HI,P22549,HI,0,219,2,0,151.9448055850373,155.18576812514527,194.47500228881836,-0.09999999403953552,0,15,23292,0,
P22549,HI,P22549,HI,0,220,0,1,188.29415328059173,196.13286757391566,151.72500228881833,-0.09999999403953552,0,27,23319,0,
P22549,HI,P22549,HI,0,221,1,0,188.29415328059173,182.12093131839245,114.97500228881836,0,0,0,23319,0,
P22549,HI,P22549,HI,0,222,2,0,188.29415328059173,193.07254130112076,102.60000228881836,-0.09999999403953552,0,0,23319,0,
P22549,HI,P22549,HI,0,223,3,0,188.29415328059173,198.16265608467953,186.2250022888184,-0.09999999403953552,0,96,23415,0,
P22549,HI,P22549,HI,0,224,4,0,188.29415328059173,194.04705373832095,191.47500228881836,-0.10000002384185791,0,94,23509,0,
P22549,HI,P22549,HI,0,225,5,0,188.29415328059173,180.2164343611362,179.47500228881836,-0.10000002384185791,0,83,23592,0,
P22549,HI,P22549,HI,0,226,6,0,188.29415328059173,187.18964924365136,188.47500228881836,-0.19999998807907104,0,100,23692,0,
P22549,HI,P22549,HI,0,227,7,0,188.29415328059173,188.17169073256997,188.85000228881836,-0.19999998807907104,0,99,23791,0,
P22549,HI,P22549,HI,0,228,8,0,188.29415328059173,197.38278879486697,188.85000228881836,0,1,99,23890,0,
P22549,HI,P22549,HI,0,229,9,0,188.29415328059173,194.30916260813274,188.85000228881836,-0.20000001788139343,1,99,23989,0,
P22549,HI,P22549,HI,0,230,10,0,188.29415328059173,178.34857067186994,188.85000228881836,-0.09999999403953552,1,99,24088,0,
P22549,HI,P22549,HI,0,231,11,0,188.29415328059173,190.36229645339105,182.47500228881836,-0.09999999403953552,0,89,24177,0,
P22549,HI,P22549,HI,0,232,12,0,188.29415328059173,194.335367710273,182.47500228881836,-0.09999999403953552,1,89,24266,0,
P22549,HI,P22549,HI,0,233,13,0,188.29415328059173,191.51102732492402,182.47500228881836,0,1,89,24355,0,
P22549,HI,P22549,HI,0,234,14,0,188.29415328059173,190.22871199434542,182.47500228881836,-0.09999999403953552,1,89,24444,0,
P22549,HI,P22549,HI,0,235,15,0,188.29415328059173,199.00216376919346,182.47500228881836,-0.09999999403953552,1,89,24533,0,
P22549,HI,P22549,HI,0,236,16,0,188.29415328059173,182.8543185593369,182.47500228881836,0,1,89,24622,0,
P22549,HI,P22549,HI,0,237,0,1,214.29165098876226,220.5313032083321,182.47500228881836,-0.09999999403953552,1,37,24659,0,
P22549,HI,P22549,HI,0,238,1,0,214.29165098876226,210.38027119732024,182.47500228881836,0,1,37,24696,0,
P22549,HI,P22549,HI,0,239,2,0,214.29165098876226,206.81384706572499,182.47500228881836,-0.09999999403953552,1,37,24733,0,
P22549,HI,P22549,HI,0,240,3,0,214.29165098876226,212.61239998782054,182.47500228881836,-0.10000002384185791,1,37,24770,0,
P22549,HI,P22549,HI,0,241,4,0,214.29165098876226,216.65677916855464,182.47500228881836,0,1,37,24807,0,
P22549,HI,P22549,HI,0,242,5,0,214.29165098876226,204.4100172756915,182.47500228881836,0,1,37,24844,0,
P22549,HI,P22549,HI,0,243,6,0,214.29165098876226,197.31904297584015,182.47500228881836,-0.10000002384185791,1,37,24881,0,
P22549,HI,P22549,HI,0,244,7,0,214.29165098876226,194.6363872553697,182.47500228881836,0,1,37,24918,0,
P22549,HI,P22549,HI,0,245,8,0,214.29165098876226,211.3719096402483,182.47500228881836,-0.09999999403953552,1,37,24955,0,
P22549,HI,P22549,HI,0,246,9,0,214.29165098876226,211.44679916380232,182.47500228881836,-0.10000002384185791,1,37,24992,0,
P22549,HI,P22549,HI,0,247,10,0,214.29165098876226,215.89987255544227,182.47500228881836,-0.09999999403953552,1,37,25029,0,
P22549,HI,P22549,HI,0,248,11,0,214.29165098876226,211.7009616636617,182.47500228881836,-0.09999999403953552,1,37,25066,0,
P22549,HI,P22549,HI,0,249,0,1,183.6544411134047,179.06392910605825,182.47500228881836,-0.09999999403953552,1,98,25164,0,
P22549,HI,P22549,HI,0,250,1,0,183.6544411134047,176.02664215500073,182.47500228881836,-0.09999999403953552,1,98,25262,0,
P22549,HI,P22549,HI,0,251,2,0,183.6544411134047,179.2085437219969,182.47500228881836,-0.09999999403953552,1,98,25360,0,
P22549,HI,P22549,HI,0,252,3,0,183.6544411134047,178.177156317452,182.47500228881836,-0.09999999403953552,1,98,25458,0,
P22549,HI,P22549,HI,0,253,4,0,183.6544411134047,184.01582309665463,182.47500228881836,0,1,98,25556,0,
P22549,HI,P22549,HI,0,254,5,0,183.6544411134047,186.81976768314615,182.47500228881836,-0.20000001788139343,1,98,25654,0,
P22549,HI,P22549,HI,0,255,6,0,183.6544411134047,189.51340620404358,182.47500228881836,-0.09999999403953552,1,98,25752,0,
P22549,HI,P22549,HI,0,256,7,0,183.6544411134047,200.05055321282333,182.47500228881836,-0.09999999403953552,1,98,25850,0,
P22549,HI,P22549,HI,0,257,8,0,183.6544411134047,176.987587445943,182.47500228881836,0,1,98,25948,0,
P22549,HI,P22549,HI,0,258,9,0,183.6544411134047,184.11985048246234,182.47500228881836,0,1,98,26046,0,
P22549,HI,P22549,HI,0,259,10,0,183.6544411134047,182.57764303991686,182.47500228881836,-0.09999999403953552,1,98,26144,0,
P22549,HI,P22549,HI,0,260,11,0,183.6544411134047,172.62835645855216,182.47500228881836,-0.10000002384185791,1,98,26242,0,
P22549,HI,P22549,HI,0,261,12,0,183.6544411134047,196.67916588973011,182.47500228881836,-0.09999999403953552,1,98,26340,0,
P22549,HI,P22549,HI,0,262,0,1,167.09191219406452,159.52770636946897,182.47500228881836,0,1,70,26410,0,
P22549,HI,P22549,HI,0,263,1,0,167.09191219406452,169.2838293308958,182.47500228881836,0,1,70,26480,0,
P22549,HI,P22549,HI,0,264,2,0,167.09191219406452,166.6914790694515,182.47500228881836,-0.09999999403953552,1,70,26550,0,
P22549,HI,P22549,HI,0,265,3,0,167.09191219406452,175.49056908939713,182.47500228881836,0,1,70,26620,0,
P22549,HI,P22549,HI,0,266,4,0,167.09191219406452,161.66143148645952,182.47500228881836,-0.09999999403953552,1,70,26690,0,
P22549,HI,P22549,HI,0,267,5,0,167.09191219406452,166.05705902542985,182.47500228881836,0,1,70,26760,0,
P22549,HI,P22549,HI,0,268,0,1,178.89998865161112,177.86741946696768,182.47500228881836,-0.09999999403953552,1,93,26853,0,
P22549,HI,P22549,HI,0,269,1,0,178.89998865161112,184.539498218459,182.47500228881836,-0.09999999403953552,1,93,26946,0,
P22549,HI,P22549,HI,0,270,2,0,178.89998865161112,189.21196880730628,182.47500228881836,0,1,93,27039,0,
P22549,HI,P22549,HI,0,271,3,0,178.89998865161112,185.39882798466056,182.47500228881836,0,1,93,27132,0,
P22549,HI,P22549,HI,0,272,4,0,178.89998865161112,185.61067330333435,182.47500228881836,-0.09999999403953552,1,93,27225,0,
P22549,HI,P22549,HI,0,273,0,1,208.43856785957158,201.81415736214169,182.47500228881836,0,1,49,27274,0,
P22549,HI,P22549,HI,0,274,1,0,208.43856785957158,207.59338944994312,182.47500228881836,-0.09999999403953552,1,49,27323,0,
P22549,HI,P22549,HI,0,275,2,0,208.43856785957158,209.8767717479805,182.47500228881836,0,1,49,27372,0,
P22549,HI,P22549,HI,0,276,3,0,208.43856785957158,213.405555088526,182.47500228881836,-0.10000002384185791,1,49,27421,0,
P22549,HI,P22549,HI,0,277,4,0,208.43856785957158,222.41307311958462,182.47500228881836,-0.19999998807907104,1,49,27470,0,
P22549,HI,P22549,HI,0,278,5,0,208.43856785957158,205.45676643007184,182.47500228881836,-0.10000002384185791,1,49,27519,0,
P22549,HI,P22549,HI,0,279,6,0,208.43856785957158,224.9534154365847,182.47500228881836,0,1,49,27568,0,
P22549,HI,P22549,HI,0,280,7,0,208.43856785957158,203.24158156652817,182.47500228881836,0,1,49,27617,0,
P22549,HI,P22549,HI,0,281,8,0,208.43856785957158,214.03794489018404,182.47500228881836,0,1,49,27666,0,
P22549,HI,P22549,HI,0,282,0,1,183.14545800807397,186.86556943668324,182.47500228881836,-0.09999999403953552,1,99,27765,0,
P22549,HI,P22549,HI,0,283,1,0,183.14545800807397,194.21441057568447,182.47500228881836,-0.09999999403953552,1,99,27864,0,
P22549,HI,P22549,HI,0,284,2,0,183.14545800807397,185.57333361329967,182.47500228881836,0,1,99,27963,0,
P22549,HI,P22549,HI,0,285,3,0,183.14545800807397,188.3494482730266,182.47500228881836,0,1,99,28062,0,
P22549,HI,P22549,HI,0,286,0,1,198.31710662499182,192.33701359797442,182.47500228881836,-0.20000001788139343,1,69,28131,0,
P22549,HI,P22549,HI,0,287,1,0,198.31710662499182,195.20112823525463,182.47500228881836,-0.09999999403953552,1,69,28200,0,
P22549,HI,P22549,HI,0,288,2,0,198.31710662499182,197.91947392521064,182.47500228881836,-0.09999999403953552,1,69,28269,0,
P22549,HI,P22549,HI,0,289,3,0,198.31710662499182,199.1860440244862,182.10000228881836,-0.09999999403953552,0,68,28337,0,
P22549,HI,P22549,HI,0,290,4,0,198.31710662499182,192.93790136407932,182.10000228881836,-0.09999999403953552,1,68,28405,0,
P22549,HI,P22549,HI,0,291,5,0,198.31710662499182,192.79816534392907,182.10000228881836,-0.10000002384185791,1,68,28473,0,
P22549,HI,P22549,HI,0,292,0,1,111.25462567338911,121.29880288252116,182.10000228881836,-0.10000002384185791,1,0,28473,0,
P22549,HI,P22549,HI,0,293,1,0,111.25462567338911,107.84226052619823,182.10000228881836,0,1,0,28473,0,
P22549,HI,P22549,HI,0,294,0,1,126.2017778805062,110.85085187446563,182.10000228881836,0,1,0,28473,0,
P22549,HI,P22549,HI,0,295,1,0,126.2017778805062,131.53878221683092,129.60000228881836,-0.09999999403953552,0,94,28567,0,
P22549,HI,P22549,HI,0,296,2,0,126.2017778805062,109.94380620210808,129.60000228881836,-0.09999999403953552,1,94,28661,0,
P22549,HI,P22549,HI,0,297,3,0,126.2017778805062,137.40652191155002,129.60000228881836,-0.09999999403953552,1,94,28755,0,
P22549,HI,P22549,HI,0,298,4,0,126.2017778805062,132.1195420020552,122.10000228881836,-0.09999999403953552,0,92,28847,0,
P22549,HI,P22549,HI,0,299,5,0,126.2017778805062,115.73601738585076,122.10000228881836,0,1,92,28939,0,
P22549,HI,P22549,HI,0,300,6,0,126.2017778805062,110.02737984811462,122.47500228881835,0,0,93,29032,0,
P22549,HI,P22549,HI,0,301,7,0,126.2017778805062,120.96877984758765,122.47500228881835,-0.20000001788139343,1,93,29125,0,
P22549,HI,P22549,HI,0,302,8,0,126.2017778805062,126.00018892208878,122.47500228881835,-0.09999999403953552,1,93,29218,0,
P22549,HI,P22549,HI,0,303,9,0,126.2017778805062,125.07457091378423,122.47500228881835,-0.09999999403953552,1,93,29311,0,
P22549,HI,P22549,HI,0,304,10,0,126.2017778805062,124.49993717799377,122.47500228881835,-0.09999999403953552,1,93,29404,0,
P22549,HI,P22549,HI,0,305,0,1,113.64162562195389,128.18873270449387,122.47500228881835,0,1,83,29487,0,
P22549,HI,P22549,HI,0,306,1,0,113.64162562195389,106.91102699193753,122.47500228881835,0,1,83,29570,0,
P22549,HI,P22549,HI,0,307,2,0,113.64162562195389,117.04579644631266,122.47500228881835,-0.09999999403953552,1,83,29653,0,
P22549,HI,P22549,HI,0,308,3,0,113.64162562195389,107.29615440740666,122.47500228881835,-0.19999998807907104,1,83,29736,0,
P22549,HI,P22549,HI,0,309,4,0,113.64162562195389,126.68328498842358,122.47500228881835,-0.19999998807907104,1,83,29819,0,
P22549,HI,P22549,HI,0,310,5,0,113.64162562195389,106.21219145892314,122.47500228881835,-0.09999999403953552,1,83,29902,0,
P22549,HI,P22549,HI,0,311,6,0,113.64162562195389,111.34130361185159,122.47500228881835,0,1,83,29985,0,
P22549,HI,P22549,HI,0,312,7,0,113.64162562195389,113.03817830645737,122.47500228881835,0,1,83,30068,0,
P22549,HI,P22549,HI,0,313,8,0,113.64162562195389,119.59420561614147,122.47500228881835,-0.19999998807907104,1,83,30151,0,
P22549,HI,P22549,HI,0,314,9,0,113.64162562195389,116.30137986991156,122.47500228881835,-0.09999999403953552,1,83,30234,0,
P22549,HI,P22549,HI,0,315,10,0,113.64162562195389,98.96813783065676,122.47500228881835,-0.09999999403953552,1,83,30317,0,
P22549,HI,P22549,HI,0,316,0,1,150.96578059707488,151.33927910588181,122.47500228881835,-0.09999999403953552,1,44,30361,0,
P22549,HI,P22549,HI,0,317,1,0,150.96578059707488,143.70067922225556,122.47500228881835,-0.09999999403953552,1,44,30405,0,
P22549,HI,P22549,HI,0,318,2,0,150.96578059707488,164.75908139126338,122.47500228881835,-0.09999999403953552,1,44,30449,0,
P22549,HI,P22549,HI,0,319,3,0,150.96578059707488,138.98960202166154,122.47500228881835,0,1,44,30493,0,
P22549,HI,P22549,HI,0,320,4,0,150.96578059707488,140.64905148388928,122.47500228881835,-0.19999998807907104,1,44,30537,0,
P22549,HI,P22549,HI,0,321,5,0,150.96578059707488,150.25772917764075,122.47500228881835,0,1,44,30581,0,
P22549,HI,P22549,HI,0,322,6,0,150.96578059707488,155.25839055356485,122.47500228881835,0,1,44,30625,0,
P22549,HI,P22549,HI,0,323,7,0,150.96578059707488,154.77723766514572,122.47500228881835,-0.09999999403953552,1,44,30669,0,
P22549,HI,P22549,HI,0,324,8,0,150.96578059707488,147.9593280315583,150.97500228881836,0,0,100,30769,0,
P22549,HI,P22549,HI,0,325,9,0,150.96578059707488,144.0156736486277,144.22500228881836,0,0,87,30856,0,
P22549,HI,P22549,HI,0,326,10,0,150.96578059707488,147.8753632353998,144.22500228881836,0,1,87,30943,0,
P22549,HI,P22549,HI,0,327,11,0,150.96578059707488,134.07851429533682,144.22500228881836,0,1,87,31030,0,
P22549,HI,P22549,HI,0,328,12,0,150.96578059707488,150.1114889647009,144.22500228881836,-0.09999999403953552,1,87,31117,0,
P22549,HI,P22549,HI,0,329,13,0,150.96578059707488,155.29623240401398,144.22500228881836,-0.20000001788139343,1,87,31204,0,
P22549,HI,P22549,HI,0,330,14,0,150.96578059707488,155.79780484666983,144.22500228881836,0,1,87,31291,0,
P22549,HI,P22549,HI,0,331,15,0,150.96578059707488,158.73704874901267,144.22500228881836,-0.10000002384185791,1,87,31378,0,
P22549,HI,P22549,HI,0,332,16,0,150.96578059707488,149.0938147796062,144.22500228881836,-0.19999998807907104,1,87,31465,0,
P22549,HI,P22549,HI,0,333,17,0,150.96578059707488,143.4655742366407,144.22500228881836,0,1,87,31552,0,
P22549,HI,P22549,HI,0,334,0,1,155.77444775228403,161.5166159371262,144.22500228881836,-0.19999998807907104,1,77,31629,0,
P22549,HI,P22549,HI,0,335,1,0,155.77444775228403,153.81294645901434,144.22500228881836,-0.09999999403953552,1,77,31706,0,
P22549,HI,P22549,HI,0,336,2,0,155.77444775228403,153.59052027943034,144.22500228881836,-0.10000002384185791,1,77,31783,0,
P22549,HI,P22549,HI,0,337,3,0,155.77444775228403,159.99304611525537,144.22500228881836,-0.09999999403953552,1,77,31860,0,
P22549,HI,P22549,HI,0,338,4,0,155.77444775228403,142.9973223934954,144.22500228881836,0,1,77,31937,0,
P22549,HI,P22549,HI,0,339,5,0,155.77444775228403,162.36502557019145,144.22500228881836,-0.09999999403953552,1,77,32014,0,
P22549,HI,P22549,HI,0,340,0,1,186.53950880406137,175.422732981549,144.22500228881836,-0.10000002384185791,1,16,32030,0,
P22549,HI,P22549,HI,0,341,1,0,186.53950880406137,177.59242123211052,144.22500228881836,-0.09999999403953552,1,16,32046,0,
P22549,HI,P22549,HI,0,342,2,0,186.53950880406137,178.93317225158697,144.22500228881836,-0.09999999403953552,1,16,32062,0,
P22549,HI,P22549,HI,0,343,0,1,161.2220994348809,142.26445223299362,144.22500228881836,0,1,67,32129,0,
P22549,HI,P22549,HI,0,344,1,0,161.2220994348809,157.23301057220937,153.60000228881836,0,0,85,32214,0,
P22549,HI,P22549,HI,0,345,2,0,161.2220994348809,168.41084984869823,164.85000228881836,-0.09999999403953552,0,93,32307,0,
P22549,HI,P22549,HI,0,346,0,1,72.65885477877482,74.00989936190612,74.47500228881836,0,0,97,32404,0,
P22549,HI,P22549,HI,0,347,1,0,72.65885477877482,68.9578909680123,70.72500228881836,-0.09999999403953552,0,97,32501,0,
P22549,HI,P22549,HI,0,348,2,0,72.65885477877482,84.6663886126331,87.22500228881836,-0.09999999403953552,0,71,32572,0,
P22549,HI,P22549,HI,0,349,3,0,72.65885477877482,68.35410814824496,66.60000228881836,-0.09999999403953552,0,88,32660,0,
P22549,HI,P22549,HI,0,350,4,0,72.65885477877482,61.65936202774005,63.22500228881836,0,0,82,32742,0,
P22549,HI,P22549,HI,0,351,5,0,72.65885477877482,66.3345927924744,63.60000228881836,-0.09999999403953552,0,82,32824,0,
P22549,HI,P22549,HI,0,352,6,0,72.65885477877482,71.02705307738526,79.35000228881836,-0.10000002384185791,0,87,32911,0,
P22549,HI,P22549,HI,0,353,7,0,72.65885477877482,82.42640078471501,68.10000228881836,-0.09999999403953552,0,91,33002,0,
P22549,HI,P22549,HI,0,354,0,1,63.076966293666416,67.10951358418367,83.10000228881836,-0.20000001788139343,0,60,33062,0,
P22549,HI,P22549,HI,0,355,0,1,37.51201313660499,45.326789780536835,49.35000228881836,-0.10000002384185791,0,77,33139,0,
P22549,HI,P22549,HI,0,356,0,1,35.52561157492332,35.49735586129134,36.60000228881836,-0.09999999403953552,0,98,33237,0,
P22549,HI,P22549,HI,0,357,1,0,35.52561157492332,22.499340185293544,21.97500228881836,-0.19999998807907104,0,73,33310,0,
P22549,HI,P22549,HI,0,358,2,0,35.52561157492332,33.365564887085895,21.97500228881836,-0.10000002384185791,1,73,33383,0,
P22549,HI,P22549,HI,0,359,0,1,21.81476778725161,9.897938709251642,22.35000228881836,-0.09999999403953552,0,99,33482,0,
P22549,HI,P22549,HI,0,360,1,0,21.81476778725161,24.436156564232377,22.35000228881836,-0.10000002384185791,1,99,33581,0,
P22549,HI,P22549,HI,0,361,2,0,21.81476778725161,32.68992812229692,22.35000228881836,-0.10000002384185791,1,99,33680,0,
P22549,HI,P22549,HI,0,362,3,0,21.81476778725161,36.38711863413609,22.35000228881836,0,1,99,33779,0,
P22549,HI,P22549,HI,0,363,4,0,21.81476778725161,9.958952608260217,22.35000228881836,0,1,99,33878,0,
P22549,HI,P22549,HI,0,364,5,0,21.81476778725161,6.367590567943396,25.350002288818356,-0.20000001788139343,0,93,33971,0,
P22549,HI,P22549,HI,0,365,6,0,21.81476778725161,20.26197257186972,25.350002288818356,-0.09999999403953552,1,93,34064,0,
P22549,HI,P22549,HI,0,366,7,0,21.81476778725161,5.049325388844846,24.60000228881836,0,0,95,34159,0,
P22549,HI,P22549,HI,0,367,8,0,21.81476778725161,29.278760157890154,9.60000228881836,-0.09999999403953552,0,76,34235,0,
P22549,HI,P22549,HI,0,368,0,1,199.64346070170308,203.8560482711929,210.22500228881836,-0.09999999403953552,0,79,34314,0,
P22549,HI,P22549,HI,0,369,1,0,199.64346070170308,193.4164825186557,186.60000228881836,-0.10000002384185791,0,74,34388,0,
P22549,HI,P22549,HI,0,370,2,0,199.64346070170308,183.5172776121231,191.10000228881836,-0.09999999403953552,0,83,34471,0,
P22549,HI,P22549,HI,0,371,3,0,199.64346070170308,206.48559884931396,180.60000228881836,-0.09999999403953552,0,62,34533,0,
P22549,HI,P22549,HI,0,372,4,0,199.64346070170308,199.18610201880838,197.10000228881833,-0.19999998807907104,0,95,34628,0,
P22549,HI,P22549,HI,0,373,5,0,199.64346070170308,203.65445980307825,197.10000228881833,0,1,95,34723,0,
P22549,HI,P22549,HI,0,374,6,0,199.64346070170308,198.25303592759144,197.10000228881833,-0.09999999403953552,1,95,34818,0,
P22549,HI,P22549,HI,0,375,7,0,199.64346070170308,216.34638593671477,197.10000228881833,0,1,95,34913,0,
P22549,HI,P22549,HI,0,376,0,1,109.72312837536725,123.89706848896002,127.72500228881836,-0.09999999403953552,0,64,34977,0,
P22549,HI,P22549,HI,0,377,1,0,109.72312837536725,107.96493265048962,108.60000228881836,-0.09999999403953552,0,98,35075,0,
P22549,HI,P22549,HI,0,378,2,0,109.72312837536725,95.91125243884474,98.10000228881836,-0.09999999403953552,0,77,35152,0,
P22549,HI,P22549,HI,0,379,3,0,109.72312837536725,108.80314798397731,108.60000228881836,-0.20000001788139343,0,98,35250,0,
P22549,HI,P22549,HI,0,380,4,0,109.72312837536725,109.17869925738778,108.60000228881836,-0.09999999403953552,1,98,35348,0,
P22549,HI,P22549,HI,0,381,5,0,109.72312837536725,105.27518523450124,108.60000228881836,-0.09999999403953552,1,98,35446,0,
P22549,HI,P22549,HI,0,382,6,0,109.72312837536725,103.2673143197157,108.60000228881836,-0.09999999403953552,1,98,35544,0,
P22549,HI,P22549,HI,0,383,7,0,109.72312837536725,103.77037374327165,108.60000228881836,-0.09999999403953552,1,98,35642,0,
P22549,HI,P22549,HI,0,384,8,0,109.72312837536725,114.36372231234405,108.60000228881836,0,1,98,35740,0,
P22549,HI,P22549,HI,0,385,9,0,109.72312837536725,103.92664050966862,108.22500228881836,-0.09999999403953552,0,98,35838,0,
P22549,HI,P22549,HI,0,386,10,0,109.72312837536725,104.70121115182009,108.22500228881836,-0.10000002384185791,1,98,35936,0,
P22549,HI,P22549,HI,0,387,11,0,109.72312837536725,127.28033202581771,108.22500228881836,-0.10000002384185791,1,98,36034,0,
P22549,HI,P22549,HI,0,388,12,0,109.72312837536725,110.7579097938145,108.22500228881836,0,1,98,36132,0,
P22549,HI,P22549,HI,0,389,13,0,109.72312837536725,113.6034447054889,108.22500228881836,0,1,98,36230,0,
P22549,HI,P22549,HI,0,390,14,0,109.72312837536725,97.00190334739776,108.22500228881836,0,1,98,36328,0,
P22549,HI,P22549,HI,0,391,15,0,109.72312837536725,101.42975641275052,108.22500228881836,-0.09999999403953552,1,98,36426,0,
P22549,HI,P22549,HI,0,392,0,1,81.07519257905545,79.74826807277772,108.22500228881836,0,1,46,36472,0,
P22549,HI,P22549,HI,0,393,1,0,81.07519257905545,81.66117861672545,108.22500228881836,0,1,46,36518,0,
P22549,HI,P22549,HI,0,394,2,0,81.07519257905545,76.31949375773293,108.22500228881836,-0.09999999403953552,1,46,36564,0,
P22549,HI,P22549,HI,0,395,3,0,81.07519257905545,91.35341626964329,108.22500228881836,-0.09999999403953552,1,46,36610,0,
P22549,HI,P22549,HI,0,396,4,0,81.07519257905545,74.03879835298926,108.22500228881836,-0.09999999403953552,1,46,36656,0,
P22549,HI,P22549,HI,0,397,0,1,73.6291281854931,58.57196449502056,108.22500228881836,0,1,31,36687,0,
P22549,HI,P22549,HI,0,398,0,1,38.79103177568578,29.86093811940937,108.22500228881836,0,1,0,36687,0,
P22549,HI,P22549,HI,0,399,1,0,38.79103177568578,32.068042690019325,108.22500228881836,-0.09999999403953552,1,0,36687,0,
P22549,HI,P22549,HI,0,400,2,0,38.79103177568578,54.54723515271472,108.22500228881836,0,1,0,36687,0,
P22549,HI,P22549,HI,0,401,0,1,17.13109790369336,24.6821742776486,108.22500228881836,-0.19999998807907104,1,0,36687,0,
P22549,HI,P22549,HI,0,402,0,1,18.991094095771135,18.711703051134368,19.35000228881836,0,0,100,36787,0,
P22549,HI,P22549,HI,0,403,1,0,18.991094095771135,16.58434814891649,21.60000228881836,0,0,95,36882,0,
P22549,HI,P22549,HI,0,404,2,0,18.991094095771135,18.749491599369208,21.60000228881836,0,1,95,36977,0,
P22549,HI,P22549,HI,0,405,3,0,18.991094095771135,33.04098976696954,21.60000228881836,0,1,95,37072,0,
P22549,HI,P22549,HI,0,406,4,0,18.991094095771135,28.10988471782631,23.85000228881836,0,0,91,37163,0,
P22549,HI,P22549,HI,0,407,0,1,10.55305247187879,9.316654002371354,23.85000228881836,-0.09999999403953552,1,74,37237,0,
P22549,HI,P22549,HI,0,408,1,0,10.55305247187879,5.258656415046499,23.85000228881836,-0.19999998807907104,1,74,37311,0,
P22549,HI,P22549,HI,0,409,2,0,10.55305247187879,8.69495711372365,23.85000228881836,-0.09999999403953552,1,74,37385,0,
P22549,HI,P22549,HI,0,410,3,0,10.55305247187879,9.535417805947525,23.85000228881836,0,1,74,37459,0,
P22549,HI,P22549,HI,0,411,4,0,10.55305247187879,7.161090745071675,14.10000228881836,-0.10000002384185791,0,93,37552,0,
P22549,HI,P22549,HI,0,412,5,0,10.55305247187879,11.381016874612648,3.6000022888183594,-0.09999999403953552,0,87,37639,0,
P22549,HI,P22549,HI,0,413,6,0,10.55305247187879,9.406202009438239,3.9750022888183594,-0.09999999403953552,0,87,37726,0,
P22549,HI,P22549,HI,0,414,7,0,10.55305247187879,14.761984220893968,12.60000228881836,0,0,96,37822,0,
P22549,HI,P22549,HI,0,415,8,0,10.55305247187879,16.96194165863588,12.60000228881836,-0.10000002384185791,1,96,37918,0,
P22549,HI,P22549,HI,0,416,9,0,10.55305247187879,12.03383030123183,12.60000228881836,0,1,96,38014,0,
P22549,HI,P22549,HI,0,417,0,1,0,0,12.60000228881836,0,1,75,38089,0,
P22549,HI,P22549,HI,0,418,1,0,0,6.9916657818781935,12.60000228881836,0,1,75,38164,0,
P22549,HI,P22549,HI,0,419,2,0,0,2.3190394239155374,12.60000228881836,0,1,75,38239,0,
P22549,HI,P22549,HI,0,420,0,1,11.782748837588294,24.092471630499205,12.60000228881836,-0.09999999403953552,1,99,38338,0,
P22549,HI,P22549,HI,0,421,1,0,11.782748837588294,19.619045894963612,12.60000228881836,-0.09999999403953552,1,99,38437,0,
P22549,HI,P22549,HI,0,422,2,0,11.782748837588294,5.558178584949395,12.60000228881836,-0.19999998807907104,1,99,38536,0,
P22549,HI,P22549,HI,0,423,3,0,11.782748837588294,12.434429466435802,12.60000228881836,-0.09999999403953552,1,99,38635,0,
P22549,HI,P22549,HI,0,424,0,1,14.72043721269932,21.874402313662664,12.60000228881836,-0.09999999403953552,1,96,38731,0,
P22549,HI,P22549,HI,0,425,0,1,169.97502500393267,172.35941674096716,12.60000228881836,-0.10000002384185791,1,0,38731,0,
P22549,HI,P22549,HI,0,426,1,0,169.97502500393267,171.82742855044953,12.60000228881836,-0.10000002384185791,1,0,38731,0,
P22549,HI,P22549,HI,0,427,2,0,169.97502500393267,172.4329614053093,174.22500228881836,-0.09999999403953552,0,92,38823,0,
P22549,HI,P22549,HI,0,428,3,0,169.97502500393267,174.26302113732822,170.85000228881836,0,0,99,38922,0,
P22549,HI,P22549,HI,0,429,4,0,169.97502500393267,182.23999199664456,167.4750022888184,-0.10000002384185791,0,95,39017,0,
P22549,HI,P22549,HI,0,430,0,1,185.76196125282206,185.58635368823437,165.60000228881836,0,0,60,39077,0,
P22549,HI,P22549,HI,0,431,1,0,185.76196125282206,182.9273354057629,155.47500228881836,0,0,40,39117,0,
P22549,HI,P22549,HI,0,432,2,0,185.76196125282206,179.80261541428663,167.10000228881836,-0.09999999403953552,0,63,39180,0,
P22549,HI,P22549,HI,0,433,3,0,185.76196125282206,195.7466613528034,168.22500228881836,-0.10000002384185791,0,65,39245,0,
P22549,HI,P22549,HI,0,434,4,0,185.76196125282206,190.89377465919617,191.85000228881836,0,0,88,39333,0,
P22549,HI,P22549,HI,0,435,5,0,185.76196125282206,168.46735765220495,191.85000228881836,-0.09999999403953552,1,88,39421,0,
P22549,HI,P22549,HI,0,436,6,0,185.76196125282206,191.44681796141788,191.85000228881836,-0.09999999403953552,1,88,39509,0,
P22549,HI,P22549,HI,0,437,7,0,185.76196125282206,204.86790318791532,200.10000228881836,-0.09999999403953552,0,72,39581,0,
P22549,HI,P22549,HI,0,438,0,1,236.82774183382637,243.67706206242838,200.10000228881836,-0.10000002384185791,1,27,39608,0,
P22549,HI,P22549,HI,0,439,1,0,236.82774183382637,219.57624807033085,200.10000228881836,0,1,27,39635,0,
P22549,HI,P22549,HI,0,440,2,0,236.82774183382637,242.63798359539692,252.60000228881836,-0.09999999403953552,0,69,39704,0,
P22549,HI,P22549,HI,0,441,3,0,236.82774183382637,244.02972449098385,240.9750022888184,-0.09999999403953552,0,92,39796,0,
P22549,HI,P22549,HI,0,442,4,0,236.82774183382637,222.59659697047633,240.9750022888184,0,1,92,39888,0,
P22549,HI,P22549,HI,0,443,5,0,236.82774183382637,245.78269562771544,244.35000228881836,-0.10000002384185791,0,85,39973,0,
P22549,HI,P22549,HI,0,444,6,0,236.82774183382637,242.6627056182138,243.60000228881836,-0.20000001788139343,0,87,40060,0,
P22549,HI,P22549,HI,0,445,7,0,236.82774183382637,233.44288239646988,242.85000228881836,0,0,88,40148,0,
P22549,HI,P22549,HI,0,446,8,0,236.82774183382637,235.44096538794187,233.47500228881836,-0.09999999403953552,0,94,40242,0,
P22549,HI,P22549,HI,0,447,9,0,236.82774183382637,249.0663886693506,233.47500228881836,0,1,94,40336,0,
P22549,HI,P22549,HI,0,448,10,0,236.82774183382637,244.356054103235,237.60000228881836,0,0,99,40435,0,
P22549,HI,P22549,HI,0,449,11,0,236.82774183382637,218.9637540907478,237.60000228881836,-0.09999999403953552,1,99,40534,0,
P22549,HI,P22549,HI,0,450,12,0,236.82774183382637,237.91151854332205,237.60000228881836,-0.29999998211860657,1,99,40633,0,
P22549,HI,P22549,HI,0,451,13,0,236.82774183382637,233.93327936126855,235.35000228881836,0,0,98,40731,0,
P22549,HI,P22549,HI,0,452,0,1,240.5256278830615,231.74047401874182,235.35000228881836,0,1,90,40821,0,
P22549,HI,P22549,HI,0,453,1,0,240.5256278830615,235.60723136713753,234.60000228881833,-0.19999998807907104,0,89,40910,0,
P22549,HI,P22549,HI,0,454,2,0,240.5256278830615,246.35442785293216,234.60000228881833,-0.20000001788139343,1,89,40999,0,
P22549,HI,P22549,HI,0,455,3,0,240.5256278830615,250.64651516340976,246.60000228881836,0,0,88,41087,0,
P22549,HI,P22549,HI,0,456,4,0,240.5256278830615,237.7728464244571,234.97500228881836,0,0,89,41176,0,
P22549,HI,P22549,HI,0,457,5,0,240.5256278830615,232.63146583448804,227.47500228881836,-0.10000002384185791,0,74,41250,0,
P22549,HI,P22549,HI,0,458,6,0,240.5256278830615,246.49909004898709,246.22500228881836,0,0,89,41339,0,
P22549,HI,P22549,HI,0,459,0,1,229.98195651377193,232.74464920108787,246.22500228881836,0,1,68,41407,0,
P22549,HI,P22549,HI,0,460,1,0,229.98195651377193,224.12662250669712,215.85000228881833,0,0,72,41479,0,
P22549,HI,P22549,HI,0,461,2,0,229.98195651377193,226.83686525536334,227.47500228881836,0,0,95,41574,0,
P22549,HI,P22549,HI,0,462,3,0,229.98195651377193,223.6585490648523,227.85000228881836,-0.09999999403953552,0,96,41670,0,
P22549,HI,P22549,HI,0,463,4,0,229.98195651377193,229.4635099425888,227.85000228881836,0,1,96,41766,0,
P22549,HI,P22549,HI,0,464,5,0,229.98195651377193,241.25561397764054,231.22500228881836,0,0,98,41864,0,
P22549,HI,P22549,HI,0,465,6,0,229.98195651377193,232.5891383333074,213.60000228881836,0,0,68,41932,0,
P22549,HI,P22549,HI,0,466,7,0,229.98195651377193,228.8467273855121,228.22500228881836,0,0,97,42029,0,
P22549,HI,P22549,HI,0,467,8,0,229.98195651377193,215.9676698528702,239.10000228881836,0,0,82,42111,0,
P22549,HI,P22549,HI,0,468,9,0,229.98195651377193,233.0744599097465,234.60000228881833,0,0,91,42202,0,
P22549,HI,P22549,HI,0,469,10,0,229.98195651377193,232.10672573962358,232.72500228881836,-0.09999999403953552,0,95,42297,0,
P22549,HI,P22549,HI,0,470,11,0,229.98195651377193,213.04978343977325,213.22500228881836,-0.09999999403953552,0,67,42364,0,
P22549,HI,P22549,HI,0,471,12,0,229.98195651377193,231.9110585367007,233.1000022888184,-0.09999999403953552,0,94,42458,0,
P22549,HI,P22549,HI,0,472,13,0,229.98195651377193,226.6328778710457,229.72500228881836,-0.09999999403953552,0,100,42558,0,
P22549,HI,P22549,HI,0,473,14,0,229.98195651377193,234.58293053804672,229.72500228881836,-0.09999999403953552,1,100,42658,0,
P22549,HI,P22549,HI,0,474,15,0,229.98195651377193,232.2681447966711,230.47500228881836,-0.09999999403953552,0,100,42758,0,
P22549,HI,P22549,HI,0,475,16,0,229.98195651377193,231.2099271258308,233.85000228881836,-0.19999998807907104,0,93,42851,0,
P22549,HI,P22549,HI,0,476,17,0,229.98195651377193,224.87887440027617,230.10000228881836,-0.09999999403953552,0,100,42951,0,
P22549,HI,P22549,HI,0,477,18,0,229.98195651377193,233.5150352706543,225.60000228881836,-0.09999999403953552,0,92,43043,0,
P22549,HI,P22549,HI,0,478,19,0,229.98195651377193,231.52408800212544,230.47500228881836,-0.09999999403953552,0,100,43143,0,
P22549,HI,P22549,HI,0,479,20,0,229.98195651377193,235.19002826408078,230.47500228881836,-0.09999999403953552,1,100,43243,0,
P22549,HI,P22549,HI,0,480,21,0,229.98195651377193,221.6354505955775,230.47500228881836,-0.09999999403953552,1,100,43343,0,
P22549,HI,P22549,HI,0,481,22,0,229.98195651377193,234.36033212850583,227.10000228881836,-0.10000002384185791,0,95,43438,0,
P22549,HI,P22549,HI,0,482,23,0,229.98195651377193,225.39805555321146,227.10000228881836,0,1,95,43533,0,
P22549,HI,P22549,HI,0,483,24,0,229.98195651377193,241.54165040739073,227.10000228881836,0,1,95,43628,0,
P22549,HI,P22549,HI,0,484,25,0,229.98195651377193,227.6483220109478,227.10000228881836,0,1,95,43723,0,
P22549,HI,P22549,HI,0,485,0,1,221.38449602736773,223.08639986779627,227.10000228881836,-0.09999999403953552,1,89,43812,0,
P22549,HI,P22549,HI,0,486,1,0,221.38449602736773,213.15083217335203,227.10000228881836,-0.20000001788139343,1,89,43901,0,
P22549,HI,P22549,HI,0,487,2,0,221.38449602736773,236.0641188025438,231.22500228881836,-0.09999999403953552,0,81,43982,0,
P22549,HI,P22549,HI,0,488,3,0,221.38449602736773,225.3707479451428,227.47500228881836,-0.09999999403953552,0,88,44070,0,
P22549,HI,P22549,HI,0,489,4,0,221.38449602736773,213.5336268840061,212.8500022888184,0,0,83,44153,0,
P22549,HI,P22549,HI,0,490,5,0,221.38449602736773,211.86172758854292,212.8500022888184,-0.19999998807907104,1,83,44236,0,
P22549,HI,P22549,HI,0,491,6,0,221.38449602736773,236.78233908340667,235.72500228881836,-0.10000002384185791,0,72,44308,0,
P22549,HI,P22549,HI,0,492,7,0,221.38449602736773,210.12569570189328,213.97500228881836,-0.09999999403953552,0,86,44394,0,
P22549,HI,P22549,HI,0,493,8,0,221.38449602736773,214.7614680999651,218.10000228881836,-0.09999999403953552,0,94,44488,0,
P22549,HI,P22549,HI,0,494,9,0,221.38449602736773,231.11210602701757,226.72500228881833,0,0,90,44578,0,
P22549,HI,P22549,HI,0,495,10,0,221.38449602736773,208.14726815669263,208.35000228881836,-0.09999999403953552,0,74,44652,0,
P22549,HI,P22549,HI,0,496,11,0,221.38449602736773,224.7768225870341,225.22500228881833,0,0,93,44745,0,
P22549,HI,P22549,HI,0,497,12,0,221.38449602736773,210.88608561221292,210.22500228881836,0,0,78,44823,0,
P22549,HI,P22549,HI,0,498,13,0,221.38449602736773,211.936537405224,210.22500228881836,0,1,78,44901,0,
P22549,HI,P22549,HI,0,499,14,0,221.38449602736773,231.44926762807685,230.47500228881836,0,0,82,44983,0,